{"cameraMode":{"drawMode":0,"name":"Shaded","section":"Shading Mode"},"sceneLighting":true,"audioPlay":false,"sceneViewState":{"m_AlwaysRefresh":false,"showFog":true,"showSkybox":true,"showFlares":true,"showImageEffects":true,"showParticleSystems":true,"showVisualEffectGraphs":true,"m_FxEnabled":true},"in2DMode":false,"pivot":{"x":0.4702035188674927,"y":3.2259552478790285,"z":4.641634941101074},"rotation":{"x":0.03610788658261299,"y":-0.9634007811546326,"z":0.17143099009990693,"w":0.20291852951049806},"size":2.4994091987609865,"orthographic":false}