{"cameraMode":{"drawMode":0,"name":"Shaded","section":"Shading Mode"},"sceneLighting":true,"audioPlay":false,"sceneViewState":{"m_AlwaysRefresh":false,"showFog":true,"showSkybox":true,"showFlares":true,"showImageEffects":true,"showParticleSystems":true,"showVisualEffectGraphs":true,"m_FxEnabled":true},"in2DMode":false,"pivot":{"x":-74.59264373779297,"y":88.23383331298828,"z":34.77589797973633},"rotation":{"x":-0.12089534848928452,"y":0.01905771717429161,"z":-0.002315683290362358,"w":-0.9925187230110169},"size":0.9957589507102966,"orthographic":false}